"Store","N_Previsoes","Semanas_Unicas","Forecast_Media","Forecast_Mediana","Forecast_Min","Forecast_Max","Forecast_Desvio"
"baltimore",140,20,134.35,130,47,415,33.5016213502201
"lancaster",140,20,185.778571428571,185,66,468,36.7110176662046
"philadelphia",140,20,250.764285714286,240,58,889,73.5729081662054
"richmond",140,20,81.0071428571429,78,29,258,20.4029538094881
