"","J1","J2","J3","J4","J5","J6","J7","X1","X2","X3","X4","X5","X6","X7","PR1","PR2","PR3","PR4","PR5","PR6","PR7"
"baltimore",15,8,0.240248439623974,6,11,0.105696363584138,14,8,0.244973238254897,18,10,0.295313206035644,19,7,0.091733024851419,10,7,0.182188481627963,7,11,0.274249041848816
"lancaster",6,5,0.0956310703419149,10,13,0.231869832146913,5,12,0.147752517904155,13,2,0.294786963053048,19,15,0.185494232433848,20,8,0.0564568539150059,14,1,0.137793408636935
"philadelphia",13,0,0.26593578136526,20,4,0.0303851849399507,15,13,0.129907813668251,0,4,0.238164962595329,12,1,0.151214067125693,14,7,0.00966067942790687,3,4,0.220181605685502
"richmond",5,4,0.203853178024292,5,13,0.108142273477279,20,6,0.0163131984416395,4,3,0.136895489366725,20,12,0.130799539550208,11,9,0.0259148141602054,17,10,0.191725713503547
