"","J1","J2","J3","J4","J5","J6","J7","X1","X2","X3","X4","X5","X6","X7","PR1","PR2","PR3","PR4","PR5","PR6","PR7"
"baltimore",1.35213658260361,4.94469607925189,2.87520523845871,3.11333449050047,2.99517639114825,5.30817503846733,3.46489196600276,3.76506633285221,2.35645308114425,4.22879901286065,4.01625711954272,2.07665837067662,2.74706885945749,4.55041908039979,3.98778257487194,3.705997456908,3.8979801256786,2.81520018474086,3.77916605486653,4.2552371430026,2.89728225109658
"lancaster",5.56146681450759,5.92118601203643,3.81807127393114,4.85450216543733,4.05059321147636,3.03758332909516,3.97401755775208,0.487113701708604,2.22865840909888,3.30108072956192,2.26327446340883,1.68143659873519,2.21415264007148,3.43292169544221,1.45122528175918,1.94596268598931,2.4070995742887,1.59588671203704,1.98751012101723,2.38471075921598,3.06623303229111
"philadelphia",2.6407362192854,2.81596057325091,2.14335374869524,1.94474556101931,3.11119154550789,2.20719887963801,1.55821064767037,1.99047809953943,1.46423940145296,2.45936360643221,2.21444193871806,1.50075653484046,1.62790808134324,2.62644969507845,0.0435893589863554,0.0460360704397197,0.060142995067228,0.0193846940427753,0.0300937358655305,0.0564919372341275,0.0604289476464269
"richmond",0.0747546457353436,0.0426433352692283,0.0492302377339793,0.0642712723320084,0.0413338189332814,0.0940715046947244,0.0417224669654026,0.0541718411841003,0.071932875340454,0.0250986435698425,0.0497847870173716,0.0592680903114598,0.0246194842541794,0.0188048564066872,0.0565452634131392,0.0584283601278356,0.0189728828805991,0.0369474311468744,0.048188397796916,0.0741868228476367,0.0752302851968411
